"0","  #visualization"
"0","  # pretty self explanatory"
"0","  for(i in seasons) {"
"0","    temp = stats %>% filter(season == i)"
"0","    temp = temp %>% column_to_rownames(., var = ""team"")"
"0","    wardsmethod <- hclust(dist(scale(temp[,1:40])), ""complete"")"
"0","    "
"0","    plot(wardsmethod,cex = 0.6, hang = -1, main = paste(""Season of "",i))"
"0","    "
"0","    temp = temp[,1:40] %>% select_if(~ !any(is.na(.)))"
"0","    "
"0","    sub_grp <- cutree(wardsmethod, k = 4)"
"0","    temp = temp %>% mutate(cluster = sub_grp) "
"0","    fviz_cluster(list(data = temp, cluster = sub_grp))"
"0","}"
