"0","# visualization"
"0","clust_results_group_variable <- function(temp, i) {"
"0","  temp = stats %>% filter(season == seasons[i])"
"0","  temp = temp %>% column_to_rownames(., var = ""team"")"
"0","  wardsmethod <- hclust(dist(scale(temp[,1:40])), ""complete"")"
"0","  temp = temp[,1:40] %>% select_if(~ !any(is.na(.)))"
"0","  sub_grp <- cutree(wardsmethod, k = 4)"
"0","  temp = temp %>% mutate(cluster = sub_grp) "
"0","  # pretty self explanatory"
"0","  for(i in 1:4) {"
"0","    if(i%%4 == 1) par(mfrow = c(4, 5))"
"0","    plot(x = temp$wins, y = temp$interception, col = temp$cluster,"
"0","         ylim = c(0, 35), xlab = ""win"", ylab = ""int"")"
"0","    plot(x = temp$wins, y = temp$touches, col = temp$cluster,"
"0","         ylim = c(195, 875), xlab = ""win"", ylab = ""touches"")"
"0","    plot(x = temp$wins, y = temp$corner_taken, col = temp$cluster,"
"0","         ylim = c(132, 312), xlab = ""win"", ylab = ""corner_taken"")"
"0","    plot(x = temp$wins, y = temp$outfielder_block, col = temp$cluster,"
"0","         ylim = c(50, 225), xlab = ""win"", ylab = ""outfielder_block"")"
"0","    plot(x = temp$wins, y = temp$att_ibox_goal, col = temp$cluster,"
"0","         ylim = c(12, 98), xlab = ""win"", ylab = ""att_ibox_goal"")"
"0","  }"
"0","}"
