{"chunk_definitions":[{"row":18,"row_count":1,"visible":true,"expansion_state":0,"options":{"engine":"r","label":"unnamed-chunk-12"},"document_id":"44FD5770","chunk_id":"c1gwltpd4es5f","chunk_label":"unnamed-chunk-1"},{"row":30,"row_count":1,"visible":true,"expansion_state":0,"options":{"engine":"r","label":"unnamed-chunk-14"},"document_id":"44FD5770","chunk_id":"c7fwtqwdstzqt","chunk_label":"unnamed-chunk-3"},{"row":35,"row_count":1,"visible":true,"expansion_state":0,"options":{"engine":"r","label":"unnamed-chunk-18"},"document_id":"44FD5770","chunk_id":"ct5u4o4ghwwki","chunk_label":"unnamed-chunk-4"}],"doc_write_time":1679086295,"chunk_rendered_width":647}