{"chunk_definitions":[{"row":18,"row_count":1,"visible":true,"expansion_state":0,"options":{"engine":"r","label":"unnamed-chunk-1"},"document_id":"44FD5770","chunk_id":"c1gwltpd4es5f","chunk_label":"unnamed-chunk-1"},{"row":24,"row_count":1,"visible":true,"expansion_state":0,"options":{"engine":"r","label":"unnamed-chunk-2"},"document_id":"44FD5770","chunk_id":"cw2b4plfkhky3","chunk_label":"unnamed-chunk-2"},{"row":30,"row_count":1,"visible":true,"expansion_state":0,"options":{"engine":"r","label":"unnamed-chunk-14"},"document_id":"44FD5770","chunk_id":"c7fwtqwdstzqt","chunk_label":"unnamed-chunk-3"},{"row":35,"row_count":1,"visible":true,"expansion_state":0,"options":{"engine":"r","label":"unnamed-chunk-18"},"document_id":"44FD5770","chunk_id":"ct5u4o4ghwwki","chunk_label":"unnamed-chunk-4"},{"row":51,"row_count":1,"visible":true,"expansion_state":0,"options":{"engine":"r","label":"unnamed-chunk-4"},"document_id":"44FD5770","chunk_id":"cpfsvvfspkc87","chunk_label":"unnamed-chunk-6"},{"row":59,"row_count":1,"visible":true,"expansion_state":0,"options":{"engine":"r","label":"unnamed-chunk-3"},"document_id":"44FD5770","chunk_id":"chcdb0vble2t8","chunk_label":"unnamed-chunk-7"},{"row":65,"row_count":1,"visible":true,"expansion_state":0,"options":{"engine":"r","label":"unnamed-chunk-1"},"document_id":"44FD5770","chunk_id":"ctp802g7qfzbo","chunk_label":"unnamed-chunk-8"},{"row":87,"row_count":1,"visible":true,"expansion_state":0,"options":{"engine":"r","label":"unnamed-chunk-31"},"document_id":"44FD5770","chunk_id":"cbwuik6r2wonr","chunk_label":"unnamed-chunk-11"},{"row":104,"row_count":1,"visible":true,"expansion_state":0,"options":{"engine":"r","label":"unnamed-chunk-1"},"document_id":"44FD5770","chunk_id":"c7v9zs0dloq6k","chunk_label":"unnamed-chunk-12"},{"row":109,"row_count":1,"visible":true,"expansion_state":0,"options":{"engine":"r","label":"unnamed-chunk-5"},"document_id":"44FD5770","chunk_id":"cherplx3dzfrg","chunk_label":"unnamed-chunk-13"}],"doc_write_time":1679435955,"chunk_rendered_width":700}