"0","#Read in the files"
"0","stats <- read_csv(""stats.csv"")"
"2","[1mRows: [22m[34m240[39m [1mColumns: [22m[34m42[39m"
"2","[36m──[39m [1mColumn specification[22m [36m───────────────────────────────────────────────────────────────────────────────────────────[39m
[1mDelimiter:[22m "",""
[31mchr[39m  (2): team, season
[32mdbl[39m (40): wins, losses, goals, total_yel_card, total_red_card, total_scoring_att, ontarget_scoring_att, hit_woo..."
"2","
[36mℹ[39m Use `spec()` to retrieve the full column specification for this data.
[36mℹ[39m Specify the column types or set `show_col_types = FALSE` to quiet this message."
"0","#results <- read_csv(""results.csv"")"
