{"chunk_definitions":[{"row":18,"row_count":1,"visible":true,"expansion_state":0,"options":{"engine":"r","label":"unnamed-chunk-1"},"document_id":"44FD5770","chunk_id":"cqh1rfw6gkwhf","chunk_label":"unnamed-chunk-1"},{"row":24,"row_count":1,"visible":true,"expansion_state":0,"options":{"engine":"r","label":"unnamed-chunk-2"},"document_id":"44FD5770","chunk_id":"cqf1g4rqza1aq","chunk_label":"unnamed-chunk-2"},{"row":30,"row_count":1,"visible":true,"expansion_state":0,"options":{"engine":"r","label":"unnamed-chunk-3"},"document_id":"44FD5770","chunk_id":"c7fwtqwdstzqt","chunk_label":"unnamed-chunk-3"},{"row":35,"row_count":1,"visible":true,"expansion_state":0,"options":{"engine":"r","label":"unnamed-chunk-4"},"document_id":"44FD5770","chunk_id":"c5tdxyd55k5yc","chunk_label":"unnamed-chunk-4"},{"row":41,"row_count":1,"visible":true,"expansion_state":0,"options":{"engine":"r","label":"unnamed-chunk-5"},"document_id":"44FD5770","chunk_id":"co8mubmp5pj16","chunk_label":"unnamed-chunk-5"},{"row":51,"row_count":1,"visible":true,"expansion_state":0,"options":{"engine":"r","label":"unnamed-chunk-6"},"document_id":"44FD5770","chunk_id":"cpfsvvfspkc87","chunk_label":"unnamed-chunk-6"},{"row":59,"row_count":1,"visible":true,"expansion_state":0,"options":{"engine":"r","label":"unnamed-chunk-7"},"document_id":"44FD5770","chunk_id":"chcdb0vble2t8","chunk_label":"unnamed-chunk-7"},{"row":65,"row_count":1,"visible":true,"expansion_state":0,"options":{"engine":"r","label":"unnamed-chunk-8"},"document_id":"44FD5770","chunk_id":"clen6gumb11mq","chunk_label":"unnamed-chunk-8"},{"row":69,"row_count":1,"visible":true,"expansion_state":0,"options":{"engine":"r","label":"unnamed-chunk-9"},"document_id":"44FD5770","chunk_id":"cynlnv8h1s96y","chunk_label":"unnamed-chunk-9"},{"row":75,"row_count":1,"visible":true,"expansion_state":0,"options":{"engine":"r","label":"unnamed-chunk-10"},"document_id":"44FD5770","chunk_id":"co97fv5qixwjh","chunk_label":"unnamed-chunk-10"},{"row":87,"row_count":1,"visible":true,"expansion_state":0,"options":{"engine":"r","label":"unnamed-chunk-11"},"document_id":"44FD5770","chunk_id":"cbwuik6r2wonr","chunk_label":"unnamed-chunk-11"},{"row":107,"row_count":1,"visible":true,"expansion_state":0,"options":{"engine":"r","label":"unnamed-chunk-12"},"document_id":"44FD5770","chunk_id":"ccus2dbwa54r7","chunk_label":"unnamed-chunk-12"},{"row":118,"row_count":1,"visible":true,"expansion_state":0,"options":{"engine":"r","label":"unnamed-chunk-13"},"document_id":"44FD5770","chunk_id":"cplzh1opodbea","chunk_label":"unnamed-chunk-13"},{"row":144,"row_count":1,"visible":true,"expansion_state":0,"options":{"engine":"r","label":"unnamed-chunk-14"},"document_id":"44FD5770","chunk_id":"chibgcz2qrs76","chunk_label":"unnamed-chunk-14"},{"row":163,"row_count":1,"visible":true,"expansion_state":0,"options":{"engine":"r","label":"unnamed-chunk-15"},"document_id":"44FD5770","chunk_id":"cypso84k83a85","chunk_label":"unnamed-chunk-15"}],"doc_write_time":1679454307}